428	adduser	3.152
13448	adwaita-icon-theme	48.1-1
7946	alacritty	0.15.1-3
4912	apt	3.0.3
1348	at-spi2-common	2.56.2-1+deb13u2
266	at-spi2-core	2.56.2-1+deb13u2
348	base-files	13.8+deb13u6
300	base-passwd	3.6.7
7359	bash	5.2.37-2+b10
2454	bash-static	5.2.37-2+b10
553	bsdutils	1:2.41.5-0+deb13u1
194	bubblewrap	0.12.0-1~deb13u1
193	bzip2	1.0.8-6
390	ca-certificates	20250419
293086	chromium	152.0.7977.82-1~deb13u1
84779	chromium-common	152.0.7977.82-1~deb13u1
21046	coreutils	9.7-3
503	curl	8.14.1-2+deb13u5
275	dash	0.5.12-12
169	dbus	1.16.2-2
418	dbus-bin	1.16.2-2
420	dbus-daemon	1.16.2-2
80	dbus-session-bus-common	1.16.2-2
91	dbus-system-bus-common	1.16.2-2
84	dbus-user-session	1.16.2-2
145	dconf-gsettings-backend	0.40.0-5
153	dconf-service	0.40.0-5
497	debconf	1.5.91
302	debian-archive-keyring	2025.1
369	debianutils	5.23.2
711	dictionaries-common	1.30.10
1876	diffutils	1:3.10-4
6906	dpkg	1.22.22
61	emacsen-common	3.0.8
119	file	1:5.46-5
2248	findutils	4.10.0-3
1137	fontconfig	2.15.0-2.3
533	fontconfig-config	2.15.0-2.3
2292	fonts-dejavu-core	2.37-8
1281	fonts-dejavu-mono	2.37-8
11013	fonts-noto-color-emoji	2.051-0+deb13u1
112	gcc-14-base	14.2.0-19
49556	git	1:2.47.3-0+deb13u1
2251	git-man	1:2.47.3-0+deb13u1
297	glib-networking	2.80.1-1
678	glib-networking-common	2.80.1-1
89	glib-networking-services	2.80.1-1
1263	grep	3.11-4+b1
5689	gsettings-desktop-schemas	48.0-1
3156	gstreamer1.0-plugins-base	1.26.2-1+deb13u2
10138	gstreamer1.0-plugins-good	1.26.2-1+deb13u2
141	gtk-update-icon-cache	4.18.6+ds-2
288	gzip	1.13-1+deb13u1
780	hicolor-icon-theme	0.18-2
90	hostname	3.25
1565	hunspell-en-us	1:2020.12.07-4
133	init-system-helpers	1.69~deb13u1
23094	iso-codes	4.18.0-1
161	jq	1.7.1-6+deb13u3
159	libaa1	1.4p5-51.1+b1
6512	libabsl20240722	20240722.0-4
102	libacl1	2.3.2-2+b1
4615	libaom3	3.12.1-1+deb13u1
163	libapparmor1	4.1.0-1
3643	libapt-pkg7.0	3.0.3
902	libarchive13t64	3.7.4-4+deb13u1
197	libasound2-data	1.2.14-1+deb13u1
1269	libasound2t64	1.2.14-1+deb13u1
2684	libaspell15	0.60.8.1-4
83	libasyncns0	0.8-6+b5
300	libatk-bridge2.0-0t64	2.56.2-1+deb13u2
239	libatk1.0-0t64	2.56.2-1+deb13u2
81	libatomic1	14.2.0-19
291	libatspi2.0-0t64	2.56.2-1+deb13u2
100	libattr1	1:2.5.2-3
25	libaudit-common	1:4.0.2-2
223	libaudit1	1:4.0.2-2+b2
175	libavahi-client3	0.8-16
760	libavahi-common-data	0.8-16
112	libavahi-common3	0.8-16
157	libavc1394-0	0.5.4-5+b2
312	libavif16	1.2.1-1.2
95	libayatana-appindicator3-1	0.5.94-1
224	libayatana-ido3-0.4-0	0.10.4-1
153	libayatana-indicator3-7	0.9.4-1+b1
518	libblkid1	2.41.5-0+deb13u1
2210	libboost-context1.83.0	1.83.0-4.2
930	libbrotli1	1.1.0-2+b7
262	libbsd0	0.12.2-2
92	libbz2-1.0	1.0.8-6
2249	libc-bin	2.41-12+deb13u3
23769	libc6	2.41-12+deb13u3
1059	libcaca0	0.99.beta20-5+deb13u1
221	libcairo-gobject2	1.18.4-1+b1
1347	libcairo2	1.18.4-1+b1
154	libcap-ng0	0.8.5-4+b1
160	libcap2	1:2.75-10+deb13u1+b3
303	libcap2-bin	1:2.75-10+deb13u1+b3
158	libcdparanoia0	3.10.2+debian-14+b1
152	libcloudproviders0	0.3.6-2
717	libcolord2	1.4.7-3
112	libcom-err2	1.47.2-3+b12
227	libcrypt1	1:4.4.38-1
764	libcups2t64	2.4.10-3+deb13u2
1022	libcurl3t64-gnutls	8.14.1-2+deb13u5
1017	libcurl4t64	8.14.1-2+deb13u5
109	libdatrie1	0.2.13-3+b1
730	libdav1d7	1.5.1-1
1775	libdb5.3t64	5.3.28+dfsg2-9
504	libdbd-sqlite3-perl	1.76-1
2541	libdbi-perl	1.652-2~deb13u1
489	libdbus-1-3	1.16.2-2
151	libdbusmenu-glib4	18.10.20180917~bzr492+repack1-4
149	libdbusmenu-gtk3-4	18.10.20180917~bzr492+repack1-4
164	libdconf1	0.40.0-5
90	libdebconfclient0	0.280
86	libdecor-0-0	0.2.2-2
146	libdeflate0	1.23-2
156	libdouble-conversion3	3.3.1-1
101	libdrm-amdgpu1	2.4.124-2
45	libdrm-common	2.4.124-2
168	libdrm2	2.4.124-2
347	libduktape207	2.7.0-2+b2
188	libdv4t64	1.0.0-17.1+b1
306	libedit2	3.1-20250104-1
438	libegl-mesa0	25.0.7-2+deb13u1
160	libegl1	1.7.0-1+b2
1244	libelf1t64	0.192-4
369	libenchant-2-2	2.8.2+dfsg1-3
1519	libepoxy0	1.5.10-2
71	liberror-perl	0.17030-1
154	libevdev2	1.13.4+dfsg-1
448	libexpat1	2.8.3-1~deb13u1
92	libffi8	3.4.8-2
447	libflac14	1.5.0+ds-2
27271	libflite1	2.2-7
604	libfontconfig1	2.15.0-2.3
95	libfontenc1	1:1.1.8-1+b2
972	libfreetype6	2.13.3+dfsg-1+deb13u1
158	libfribidi0	1.0.16-1
1366	libgav1-1	0.19.0-3+b1
184	libgbm1	25.0.7-2+deb13u1
521	libgc1	1:8.2.8-1
148	libgcc-s1	14.2.0-19
1522	libgcrypt20	1.11.0-7+deb13u1
127	libgdbm-compat4t64	1.24-2
194	libgdbm6t64	1.24-2
1046	libgdk-pixbuf-2.0-0	2.42.12+dfsg-4+deb13u1
2552	libgdk-pixbuf2.0-common	2.42.12+dfsg-4+deb13u1
1404	libgit2-1.9	1.9.0+ds-2+deb13u1
1085	libgl1	1.7.0-1+b2
307	libgl1-mesa-dri	25.0.7-2+deb13u1
230	libgles2	1.7.0-1+b2
4987	libglib2.0-0t64	2.84.4-3~deb13u5
1565	libglvnd0	1.7.0-1+b2
596	libglx-mesa0	25.0.7-2+deb13u1
219	libglx0	1.7.0-1+b2
846	libgmp10	2:6.3.0+dfsg-3
3623	libgnutls30t64	3.8.9-3+deb13u4
236	libgpg-error0	1.51-4
85	libgpm2	1.20.7-11+b2
223	libgraphite2-3	1.3.14-2+deb13u1
487	libgssapi-krb5-2	1.21.3-5+deb13u1
785	libgstreamer-gl1.0-0	1.26.2-1+deb13u2
3981	libgstreamer-plugins-base1.0-0	1.26.2-1+deb13u2
5455	libgstreamer1.0-0	1.26.2-2
11248	libgtk-3-0t64	3.24.49-3
30916	libgtk-3-common	3.24.49-3
84	libgudev-1.0-0	238-6
113	libharfbuzz-icu0	10.2.0-1+deb13u1
1395	libharfbuzz-subset0	10.2.0-1+deb13u1
1350	libharfbuzz0b	10.2.0-1+deb13u1
89	libhidapi-hidraw0	0.14.0-1+b2
507	libhogweed6t64	3.10.1-1
90	libhttp-parser2.9	2.9.4-6+b2
860	libhunspell-1.7-0	1.7.2+really1.7.2-10+b4
4135	libhwy1t64	1.2.0-2+b2
121	libhyphen0	2.8.8-7+b2
170	libice6	2:1.1.1-1
37547	libicu76	76.1-4
442	libidn2-0	2.3.8-2
98	libiec61883-0	1.2.0-7
30126	libjavascriptcoregtk-4.1-0	2.52.6-1~deb13u1
97	libjbig0	2.1-6.1+b2
478	libjpeg62-turbo	1:2.1.5-4
439	libjq1	1.7.1-6+deb13u3
3116	libjxl0.11	0.11.2-0.1~deb13u2
278	libk5crypto3	1.21.3-5+deb13u1
85	libkeyutils1	1.6.3-6
1166	libkrb5-3	1.21.3-5+deb13u1
154	libkrb5support0	1.21.3-5+deb13u1
124	liblastlog2-2	2.41.5-0+deb13u1
501	liblcms2-2	2.16-2+deb13u2
576	libldap2	2.6.10+dfsg-1
552	liblerc4	4.0.0+ds-5
120416	libllvm19	1:19.1.7-3+b1
277	liblowdown2	2.0.2-2
217	liblz4-1	1.10.0-4
435	liblzma5	5.8.1-1+deb13u1
10154	libmagic-mgc	1:5.46-5
260	libmagic1t64	1:5.46-5
345	libmanette-0.2-0	0.2.12-1
808	libmbedcrypto16	3.6.6-0.1~deb13u1
468	libmbedtls21	3.6.6-0.1~deb13u1
268	libmbedx509-7	3.6.6-0.1~deb13u1
102	libmd0	1.1.0-2+b1
118	libminizip1t64	1:1.3.dfsg+really1.3.1-1+b1
653	libmount1	2.41.5-0+deb13u1
572	libmp3lame0	3.100-6+b3
349	libmpg123-0t64	1.32.10-1+deb13u1
499	libncurses6	6.5+20250216-2
568	libncursesw6	6.5+20250216-2
543	libnettle8t64	3.10.1-1
229	libnghttp2-14	1.64.0-1.1+deb13u1
233	libnghttp3-9	1.8.0-1
363	libngtcp2-16	1.11.0-1+deb13u1
104	libngtcp2-crypto-gnutls8	1.11.0-1+deb13u1
425	libnspr4	2:4.36-1
4588	libnss3	2:3.110-1+deb13u4
90	libogg0	1.3.5-3+b2
669	libonig5	6.9.9-1+b1
216	libopencore-amrnb0	0.1.6-1+b2
153	libopencore-amrwb0	0.1.6-1+b2
987	libopenh264-8	2.6.0+dfsg-2
528	libopenjp2-7	2.5.3-2.1~deb13u2
3422	libopus0	1.5.2-2
887	liborc-0.4-0t64	1:0.4.41-1
2062	libp11-kit0	0.25.5-3
3055	libpam-modules	1.7.0-5
446	libpam-modules-bin	1.7.0-5
1028	libpam-runtime	1.7.0-5
741	libpam-systemd	257.13-1~deb13u1
295	libpam0g	1.7.0-5
558	libpango-1.0-0	1.56.3-1
107	libpangocairo-1.0-0	1.56.3-1
174	libpangoft2-1.0-0	1.56.3-1
722	libpcre2-8-0	10.46-1~deb13u1
31049	libperl5.40	5.40.1-6+deb13u1
667	libpixman-1-0	0.44.0-3
477	libpng16-16t64	1.6.48-1+deb13u5
229	libproc2-0	2:4.0.4-9
165	libproxy1v5	0.5.9-1
156	libpsl5t64	0.21.2-1.1+b1
1109	libpulse0	17.0+dfsg1-2+b1
28	libpython3-stdlib	3.13.5-1
5468	libpython3.13-minimal	3.13.5-2+deb13u5
10511	libpython3.13-stdlib	3.13.5-2+deb13u5
2206	librav1e0.7	0.7.1-9+b2
102	libraw1394-11	2.1.2-2+b2
557	libreadline8t64	8.2-6
5596	librsvg2-2	2.60.0+dfsg-1
432	librsvg2-common	2.60.0+dfsg-1
156	librtmp1	2.4+20151223.gitfa8646d.1-2+b5
180	libsasl2-2	2.1.28+dfsg1-9
106	libsasl2-modules-db	2.1.28+dfsg1-9
217	libseccomp2	2.6.0-2
490	libsecret-1-0	0.21.7-1
269	libsecret-common	0.21.7-1
289	libselinux1	3.8.1-1
21	libsemanage-common	3.8.1-1
354	libsemanage2	3.8.1-1
37	libsensors-config	1:3.6.2-2
96	libsensors5	1:3.6.2-2
863	libsepol2	3.8.1-1
183	libsharpyuv0	1.5.0-0.1
165	libshout3	2.4.6-1+b3
2559	libslang2	2.3.3-5+b2
102	libsm6	2:1.2.6-1
457	libsmartcols1	2.41.5-0+deb13u1
615	libsndfile1	1.2.2-2+deb13u1
323	libsodium23	1.0.18-1+deb13u1
808	libsoup-3.0-0	3.6.5-3
480	libsoup-3.0-common	3.6.5-3
149	libspeex1	1.2.1-3
1854	libsqlite3-0	3.46.1-7+deb13u1
473	libssh2-1t64	1.11.1-1+deb13u2
8019	libssl3t64	3.5.7-1~deb13u2
3022	libstdc++6	14.2.0-19
4287	libsvtav1enc2	2.3.0+dfsg-1
6946	libsystemd-shared	257.13-1~deb13u1
1276	libsystemd0	257.13-1~deb13u1
1351	libtag2	2.0.2-2
167	libtasn1-6	4.20.0-2+deb13u1
98	libtext-iconv-perl	1.7-8+b4
618	libthai-data	0.1.29-2
119	libthai0	0.1.29-2+b1
285	libtheora0	1.2.0~alpha1+dfsg-6
157	libtheoradec1	1.2.0~alpha1+dfsg-6
220	libtheoraenc1	1.2.0~alpha1+dfsg-6
754	libtiff6	4.7.0-3+deb13u3
673	libtinfo6	6.5+20250216-2
151	libtwolame0	0.4.0-2+b2
405	libudev1	257.13-1~deb13u1
2128	libunistring5	1.3-2
352	libunwind8	1.8.1-0.1
126	libuuid1	2.41.5-0+deb13u1
481	libv4l-0t64	1.30.1-1
442	libv4lconvert0t64	1.30.1-1
465	libvisual-0.4-0	0.4.2-2+b2
220	libvorbis0a	1.3.7-3
726	libvorbisenc2	1.3.7-3
2857	libvpx9	1.15.0-2.1+deb13u1
611	libvulkan1	1.4.309.0-1
223	libwavpack1	5.8.1-1
86	libwayland-client0	1.23.1-3
95	libwayland-cursor0	1.23.1-3
82	libwayland-egl1	1.23.1-3
152	libwayland-server0	1.23.1-3
97617	libwebkit2gtk-4.1-0	2.52.6-1~deb13u1
503	libwebp7	1.5.0-0.1
183	libwebpdemux2	1.5.0-0.1
183	libwebpmux3	1.5.0-0.1
224	libwww-curl-perl	4.17-12
1689	libx11-6	2:1.8.12-1
1576	libx11-data	2:1.8.12-1
358	libx11-xcb1	2:1.8.12-1
94	libxau6	1:1.0.11-1
545	libxaw7	2:1.0.16-1
181	libxcb-dri3-0	1.17.0-2+b1
265	libxcb-glx0	1.17.0-2+b1
180	libxcb-present0	1.17.0-2+b1
193	libxcb-randr0	1.17.0-2+b1
189	libxcb-render0	1.17.0-2+b1
180	libxcb-shape0	1.17.0-2+b1
179	libxcb-shm0	1.17.0-2+b1
182	libxcb-sync1	1.17.0-2+b1
184	libxcb-xfixes0	1.17.0-2+b1
264	libxcb-xkb1	1.17.0-2+b1
329	libxcb1	1.17.0-2+b1
92	libxcomposite1	1:0.4.6-1
101	libxcursor1	1:1.2.3-1
91	libxdamage1	1:1.1.6-1+b2
99	libxdmcp6	1:1.1.5-1
181	libxext6	2:1.3.4-1+b3
95	libxfixes3	1:6.0.0-2+b4
263	libxfont2	1:2.0.6-1+deb13u1
159	libxft2	2.3.6-1+b4
135	libxi6	2:1.8.2-1
94	libxinerama1	2:1.1.4-3+b4
85	libxkbcommon-x11-0	1.7.0-2
345	libxkbcommon0	1.7.0-2
223	libxkbfile1	1:1.1.0-1+b4
1891	libxml2	2.12.7+dfsg+really2.9.14-2.1+deb13u3
163	libxmu6	2:1.1.3-3+b4
97	libxmuu1	2:1.1.3-3+b4
94	libxnvctrl0	535.171.04-1+b2
105	libxpm4	1:3.5.17-1+deb13u1
105	libxrandr2	2:1.5.4-1+b3
92	libxrender1	1:0.9.12-1
88	libxshmfence1	1.3.3-1
590	libxslt1.1	1.1.35-1.2+deb13u3
529	libxt6t64	1:1.2.1-1.2+b2
99	libxtst6	2:1.2.5-1
96	libxv1	2:1.0.11-1.1+b3
92	libxxf86dga1	2:1.1.5-1+b3
92	libxxf86vm1	1:1.1.4-1+b4
88	libxxhash0	0.8.3-2
596	libyuv0	0.0.1904.20250204-1
26286	libz3-4	4.13.3-1
748	libzstd1	1.5.7+dfsg-1
419	login	1:4.16.0-2+really2.41.5-0+deb13u1
214	login.defs	1:4.17.4-2
320	mawk	1.3.4.20250131-1
98	media-types	13.0.0
34238	mesa-libgallium	25.0.7-2+deb13u1
2151	mesa-utils	9.0.0-2+b2
2064	mesa-utils-bin	9.0.0-2+b2
657	mount	2.41.5-0+deb13u1
389	ncurses-base	6.5+20250216-2
917	ncurses-bin	6.5+20250216-2
4372	ncurses-term	6.5+20250216-2
35	netbase	6.5
11209	nix-bin	2.26.3+dfsg-1
2554	openssl	3.5.7-1~deb13u2
416	openssl-provider-legacy	3.5.7-1~deb13u2
5317	passwd	1:4.17.4-2
841	perl	5.40.1-6+deb13u1
8006	perl-base	5.40.1-6+deb13u1
19993	perl-modules-5.40	5.40.1-6+deb13u1
2975	procps	2:4.0.4-9
83	python3	3.13.5-1
112	python3-minimal	3.13.5-1
830	python3.13	3.13.5-2+deb13u5
6613	python3.13-minimal	3.13.5-2+deb13u5
89	readline-common	8.2-6
4810	ripgrep	14.1.1-1+b4
995	sed	4.9-2+deb13u1
5195	shared-mime-info	2.4-5+b2
1631	sqv	1.3.0-3+b2
13327	systemd	257.13-1~deb13u1
97	systemd-sysv	257.13-1~deb13u1
196	sysvinit-utils	3.14-4
3105	tar	1.35+dfsg-3.1
1361	tzdata	2026b-0+deb13u1
495	unzip	6.0-29+deb13u1
7402	util-linux	2.41.5-0+deb13u1
3780	wget	1.25.0-2
275	x11-common	1:7.7+24+deb13u1
1334	x11-utils	7.7+7
776	x11-xkb-utils	7.7+9
97	xauth	1:1.1.2-1.1
84	xdg-dbus-proxy	0.1.6-1+deb13u2
348	xdg-utils	1.2.1-2
7164	xfonts-base	1:1.0.5+nmu1
667	xfonts-encodings	1:1.0.4-2.2
589	xfonts-utils	1:7.7+7
6911	xkb-data	2.42-1
2470	xserver-common	2:21.1.16-1.3+deb13u4
4597	xvfb	2:21.1.16-1.3+deb13u4
1500	xz-utils	5.8.1-1+deb13u1
803	zip	3.0-15+deb13u1
181	zlib1g	1:1.3.dfsg+really1.3.1-1+b1
